ID,post_title,post_status
18549,Global,publish
17907,"Crown Specialty Photo Required",publish
17903,"Crown Date Field Calendar Click",publish
8642,"Ahrefs Web Analytics",publish
8185,Fonts,publish
7844,"Duplicate Post",publish
6264,"West Island Movers Schema",publish
6259,"Kirkland Movers Schema",publish
6258,"Montreal to Toronto Movers Schema",publish
5899,"Services de Livraison Schema",publish
5898,"Dem. Blainville Schema",publish
5897,"Dem. Boucherville Schema",publish
5896,"Dem. Anjou Schema",publish
5895,"Dem. Longueuil Schema",publish
4684,"Hotjar Tracking",publish
4653,"Montreal Movers Page meta keywords",publish
4447,Global,publish
4446,"GTM Container",publish
