id,name,reason
n2rfe2,btn--outline-primary,unreferenced
hpbtnp,btn--pit-primary,unreferenced
kky55n,btn--secondary,unreferenced
c00006,btn--text-light,unreferenced
kxwf4c,card,unreferenced
5p8m89,card--hover,unreferenced
fl2ka1,cta__eyebrow,unreferenced
0wotsw,cta__inner,unreferenced
aukm1r,cta__text,unreferenced
t5d4eh,eyebrow,v6-collision (force-deleted despite live reference)
c00008,eyebrow--light,unreferenced
h72po3,faq,v6-collision (unreferenced)
61jhel,faq__answer,v6-collision (unreferenced)
yq080q,faq__icon,unreferenced
n3w3k7,faq__inner,unreferenced
tw00y8,faq__item,v6-collision (unreferenced)
x789xt,faq__item-content,unreferenced
a63maw,faq__item-title,unreferenced
s7pyoh,faq__question,v6-collision (unreferenced)
bpriv6,faq__title,unreferenced
vnubgn,footer,unreferenced
h1tjy5,hero__lead,unreferenced
4t0aa4,icon-badge,unreferenced
loe2kn,key__text,unreferenced
rr4jcb,key__title,unreferenced
mzslbz,keys,unreferenced
eb0xvj,keys__grid,unreferenced
5x754k,keys__header,unreferenced
hnkm8y,keys__text,unreferenced
6l4fhi,keys__title,unreferenced
r2uywn,partner__logo,unreferenced
ox37sa,partners,unreferenced
0eqgpi,partners__grid,unreferenced
8jxqsc,partners__label,unreferenced
hpbadg,pit-hp-badge,unreferenced
hpbtni,pit-hp-btn--on-ink,unreferenced
hpcard,pit-hp-card,unreferenced
hpcbdy,pit-hp-card__body,unreferenced
hpclus,pit-hp-cluster,unreferenced
hpdish,pit-hp-display-hero,unreferenced
hpdiss,pit-hp-display-section,unreferenced
hpeyeb,pit-hp-eyebrow,unreferenced
hplabl,pit-hp-label,unreferenced
hplead,pit-hp-lead,unreferenced
hplink,pit-hp-link,unreferenced
hplnku,pit-hp-link--upper,unreferenced
hpmeda,pit-hp-media,unreferenced
hpondk,pit-hp-on-ink,unreferenced
hpondm,pit-hp-on-ink-muted,unreferenced
hbjocn,pit-hp-pin,unreferenced
hpquot,pit-hp-quote,unreferenced
hpsec1,pit-hp-section,unreferenced
hpstak,pit-hp-stack,unreferenced
hpstas,pit-hp-stack--tight,unreferenced
hpstrs,pit-hp-stars,unreferenced
hpsttl,pit-hp-step__title,unreferenced
hpsrfa,pit-hp-surface-canvas,unreferenced
hpsrfd,pit-hp-surface-ink,unreferenced
hpsrfb,pit-hp-surface-paper,unreferenced
locara,pit-location-area,unreferenced
locars,pit-location-areas,unreferenced
locfit,pit-location-fact,unreferenced
locflb,pit-location-fact__label,unreferenced
locfvl,pit-location-fact__value,unreferenced
locfct,pit-location-facts,unreferenced
lochrs,pit-location-hours,unreferenced
lochrw,pit-location-hours__row,unreferenced
locmap,pit-location-map,unreferenced
locpnl,pit-location-panel,unreferenced
metatx,pit-meta-text,unreferenced
revwgd,pit-review-grid,unreferenced
revwit,pit-review-item,unreferenced
richcp,pit-rich-copy,unreferenced
darkrc,pit-rich-copy--on-ink,unreferenced
rulegd,pit-rule-grid,unreferenced
ruleit,pit-rule-item,unreferenced
svicon,pit-service-card__icon,unreferenced
svmeta,pit-service-card__meta,unreferenced
svctit,pit-service-card__title,unreferenced
svcgrd,pit-service-card-grid,unreferenced
splitt,pit-split,unreferenced
c00064,process,v6-collision (force-deleted despite live reference)
p604y3,quicklink,unreferenced
8d6qlg,quicklink__icon,unreferenced
wpvj0t,quicklink__label,unreferenced
iqiovj,quicklinks,unreferenced
qn5kkr,quicklinks__grid,unreferenced
z2530f,quicklinks__header,unreferenced
coogx5,quicklinks__text,unreferenced
9aaw4z,quicklinks__title,unreferenced
c00009,section-header,v6-collision (force-deleted despite live reference)
c00010,section-header--center,v6-collision (force-deleted despite live reference)
mr5ok1,service__body,unreferenced
p87r9s,service__media,unreferenced
y7h2rv,service__text,unreferenced
c5luyw,service__title,unreferenced
aohija,services,unreferenced
a0nzte,services__grid,unreferenced
dpqzvx,services__header,unreferenced
2anjoy,services__text,unreferenced
de3w3y,services__title,unreferenced
1xyf0t,stack--content-gap,unreferenced
e6t8zt,stat__description,unreferenced
yk2fys,stat__label,unreferenced
3py4uk,stat__number,unreferenced
ukbghd,stat__number-row,unreferenced
pi27vc,stats,v6-collision (unreferenced)
x3yu0r,stats__grid,unreferenced
ry12g9,testimonial__avatar,unreferenced
tatfnl,testimonial__excerpt,unreferenced
g7b7l7,testimonial__meta,unreferenced
n36yvq,testimonial__name,unreferenced
98n88z,testimonial__quote,unreferenced
9z3lbu,testimonial__role,unreferenced
eruixw,testimonials,unreferenced
6pnmpu,testimonials__grid,unreferenced
wylzbv,testimonials__header,unreferenced
vbvm8c,testimonials__text,unreferenced
0n3pms,testimonials__title,unreferenced
