url,hostname,path,lang,source_sitemap,is_leaked_host
https://wordpress-1663747-6631130.cloudwaysapps.com/locations.kml,wordpress-1663747-6631130.cloudwaysapps.com,/locations.kml,en,local-sitemap.xml,True
https://wordpress-1663747-6631130.cloudwaysapps.com/fr/demenagement-sainte-anne-de-bellevue/,wordpress-1663747-6631130.cloudwaysapps.com,/fr/demenagement-sainte-anne-de-bellevue/,fr,page-sitemap1.xml,True
https://wordpress-1663747-6631130.cloudwaysapps.com/fr/demenagement-hochelaga-maisonneuve/,wordpress-1663747-6631130.cloudwaysapps.com,/fr/demenagement-hochelaga-maisonneuve/,fr,page-sitemap1.xml,True
https://wordpress-1663747-6631130.cloudwaysapps.com/fr/demenagement-longue-distance/demenagement-montreal-cornwall/,wordpress-1663747-6631130.cloudwaysapps.com,/fr/demenagement-longue-distance/demenagement-montreal-cornwall/,fr,page-sitemap1.xml,True
https://wordpress-1663747-6631130.cloudwaysapps.com/fr/demenagement-pointe-claire/,wordpress-1663747-6631130.cloudwaysapps.com,/fr/demenagement-pointe-claire/,fr,page-sitemap1.xml,True
https://wordpress-1663747-6631130.cloudwaysapps.com/fr/comment-preparer-un-demenagement-a-montreal/,wordpress-1663747-6631130.cloudwaysapps.com,/fr/comment-preparer-un-demenagement-a-montreal/,fr,page-sitemap1.xml,True
https://wordpress-1663747-6631130.cloudwaysapps.com/fr/demenagement-deglise-a-montreal/,wordpress-1663747-6631130.cloudwaysapps.com,/fr/demenagement-deglise-a-montreal/,fr,page-sitemap1.xml,True
https://wordpress-1663747-6631130.cloudwaysapps.com/fr/demenagement-ile-des-soeurs/,wordpress-1663747-6631130.cloudwaysapps.com,/fr/demenagement-ile-des-soeurs/,fr,page-sitemap1.xml,True
https://wordpress-1663747-6631130.cloudwaysapps.com/fr/exclusions-assurance-demenagement/,wordpress-1663747-6631130.cloudwaysapps.com,/fr/exclusions-assurance-demenagement/,fr,page-sitemap1.xml,True
https://wordpress-1663747-6631130.cloudwaysapps.com/fr/proteger-ses-biens-en-hive/,wordpress-1663747-6631130.cloudwaysapps.com,/fr/proteger-ses-biens-en-hive/,fr,page-sitemap1.xml,True
https://wordpress-1663747-6631130.cloudwaysapps.com/fr/eviter-les-pertes-pendant-un-demenagement/,wordpress-1663747-6631130.cloudwaysapps.com,/fr/eviter-les-pertes-pendant-un-demenagement/,fr,page-sitemap1.xml,True
https://wordpress-1663747-6631130.cloudwaysapps.com/fr/demenagement-griffintown/,wordpress-1663747-6631130.cloudwaysapps.com,/fr/demenagement-griffintown/,fr,page-sitemap1.xml,True
https://wordpress-1663747-6631130.cloudwaysapps.com/fr/demenagement-a-baie-durfe/,wordpress-1663747-6631130.cloudwaysapps.com,/fr/demenagement-a-baie-durfe/,fr,page-sitemap1.xml,True
https://wordpress-1663747-6631130.cloudwaysapps.com/fr/responsable-en-cas-de-perte-dobjets/,wordpress-1663747-6631130.cloudwaysapps.com,/fr/responsable-en-cas-de-perte-dobjets/,fr,page-sitemap1.xml,True
https://wordpress-1663747-6631130.cloudwaysapps.com/fr/demenagement-beaconsfield/,wordpress-1663747-6631130.cloudwaysapps.com,/fr/demenagement-beaconsfield/,fr,page-sitemap1.xml,True
https://wordpress-1663747-6631130.cloudwaysapps.com/fr/demenagement-calgary/,wordpress-1663747-6631130.cloudwaysapps.com,/fr/demenagement-calgary/,fr,page-sitemap1.xml,True
https://wordpress-1663747-6631130.cloudwaysapps.com/fr/calculateur-cout-demenagement-montreal/,wordpress-1663747-6631130.cloudwaysapps.com,/fr/calculateur-cout-demenagement-montreal/,fr,page-sitemap1.xml,True
https://wordpress-1663747-6631130.cloudwaysapps.com/fr/solution-dentreposage/,wordpress-1663747-6631130.cloudwaysapps.com,/fr/solution-dentreposage/,fr,page-sitemap1.xml,True
https://wordpress-1663747-6631130.cloudwaysapps.com/fr/demenagement-longue-distance/demenagement-montreal-kingston/,wordpress-1663747-6631130.cloudwaysapps.com,/fr/demenagement-longue-distance/demenagement-montreal-kingston/,fr,page-sitemap1.xml,True
https://wordpress-1663747-6631130.cloudwaysapps.com/fr/entreposage-saint-hubert/,wordpress-1663747-6631130.cloudwaysapps.com,/fr/entreposage-saint-hubert/,fr,page-sitemap1.xml,True
https://wordpress-1663747-6631130.cloudwaysapps.com/fr/entreposage-saint-lambert/,wordpress-1663747-6631130.cloudwaysapps.com,/fr/entreposage-saint-lambert/,fr,page-sitemap1.xml,True
https://wordpress-1663747-6631130.cloudwaysapps.com/fr/entreposage-greenfield-park/,wordpress-1663747-6631130.cloudwaysapps.com,/fr/entreposage-greenfield-park/,fr,page-sitemap1.xml,True
https://wordpress-1663747-6631130.cloudwaysapps.com/fr/entreposage-longueuil/,wordpress-1663747-6631130.cloudwaysapps.com,/fr/entreposage-longueuil/,fr,page-sitemap1.xml,True
https://wordpress-1663747-6631130.cloudwaysapps.com/fr/entreposage-rive-sud/,wordpress-1663747-6631130.cloudwaysapps.com,/fr/entreposage-rive-sud/,fr,page-sitemap1.xml,True
https://wordpress-1663747-6631130.cloudwaysapps.com/fr/demenagement-et-entreposage-brossard/,wordpress-1663747-6631130.cloudwaysapps.com,/fr/demenagement-et-entreposage-brossard/,fr,page-sitemap1.xml,True
https://wordpress-1663747-6631130.cloudwaysapps.com/fr/entreposage-a-dorval/,wordpress-1663747-6631130.cloudwaysapps.com,/fr/entreposage-a-dorval/,fr,page-sitemap1.xml,True
https://wordpress-1663747-6631130.cloudwaysapps.com/fr/entreposage-brossard/,wordpress-1663747-6631130.cloudwaysapps.com,/fr/entreposage-brossard/,fr,page-sitemap1.xml,True
https://wordpress-1663747-6631130.cloudwaysapps.com/fr/demenagement-mcmasterville/,wordpress-1663747-6631130.cloudwaysapps.com,/fr/demenagement-mcmasterville/,fr,page-sitemap1.xml,True
https://wordpress-1663747-6631130.cloudwaysapps.com/fr/demenagement-ile-perrot-demenagement-simple/,wordpress-1663747-6631130.cloudwaysapps.com,/fr/demenagement-ile-perrot-demenagement-simple/,fr,page-sitemap1.xml,True
https://wordpress-1663747-6631130.cloudwaysapps.com/fr/demenagement-contrecoeur/,wordpress-1663747-6631130.cloudwaysapps.com,/fr/demenagement-contrecoeur/,fr,page-sitemap1.xml,True
https://wordpress-1663747-6631130.cloudwaysapps.com/fr/demenagement-varennes/,wordpress-1663747-6631130.cloudwaysapps.com,/fr/demenagement-varennes/,fr,page-sitemap1.xml,True
https://wordpress-1663747-6631130.cloudwaysapps.com/fr/demenagement-saint-remi-2/,wordpress-1663747-6631130.cloudwaysapps.com,/fr/demenagement-saint-remi-2/,fr,page-sitemap1.xml,True
https://wordpress-1663747-6631130.cloudwaysapps.com/fr/demenagement-pincourt-demenageur-fiable-a-pincourt/,wordpress-1663747-6631130.cloudwaysapps.com,/fr/demenagement-pincourt-demenageur-fiable-a-pincourt/,fr,page-sitemap1.xml,True
https://wordpress-1663747-6631130.cloudwaysapps.com/fr/demenagement-saint-jerome/,wordpress-1663747-6631130.cloudwaysapps.com,/fr/demenagement-saint-jerome/,fr,page-sitemap1.xml,True
https://wordpress-1663747-6631130.cloudwaysapps.com/fr/demenagement-riviere-des-prairies-service-de-demenagement/,wordpress-1663747-6631130.cloudwaysapps.com,/fr/demenagement-riviere-des-prairies-service-de-demenagement/,fr,page-sitemap1.xml,True
https://wordpress-1663747-6631130.cloudwaysapps.com/fr/demenagement-vimont/,wordpress-1663747-6631130.cloudwaysapps.com,/fr/demenagement-vimont/,fr,page-sitemap1.xml,True
https://wordpress-1663747-6631130.cloudwaysapps.com/fr/demenagement-auteuil/,wordpress-1663747-6631130.cloudwaysapps.com,/fr/demenagement-auteuil/,fr,page-sitemap1.xml,True
https://wordpress-1663747-6631130.cloudwaysapps.com/fr/demenagement-ville-marie/,wordpress-1663747-6631130.cloudwaysapps.com,/fr/demenagement-ville-marie/,fr,page-sitemap1.xml,True
https://wordpress-1663747-6631130.cloudwaysapps.com/fr/demenagement-ville-emard/,wordpress-1663747-6631130.cloudwaysapps.com,/fr/demenagement-ville-emard/,fr,page-sitemap1.xml,True
https://wordpress-1663747-6631130.cloudwaysapps.com/fr/demenagement-vieux-montreal/,wordpress-1663747-6631130.cloudwaysapps.com,/fr/demenagement-vieux-montreal/,fr,page-sitemap1.xml,True
https://wordpress-1663747-6631130.cloudwaysapps.com/fr/demenagement-rigaud/,wordpress-1663747-6631130.cloudwaysapps.com,/fr/demenagement-rigaud/,fr,page-sitemap1.xml,True
https://wordpress-1663747-6631130.cloudwaysapps.com/fr/demenagement-saint-michel/,wordpress-1663747-6631130.cloudwaysapps.com,/fr/demenagement-saint-michel/,fr,page-sitemap1.xml,True
https://wordpress-1663747-6631130.cloudwaysapps.com/fr/demenagement-beauharnois/,wordpress-1663747-6631130.cloudwaysapps.com,/fr/demenagement-beauharnois/,fr,page-sitemap1.xml,True
https://wordpress-1663747-6631130.cloudwaysapps.com/fr/demenagement-shefford/,wordpress-1663747-6631130.cloudwaysapps.com,/fr/demenagement-shefford/,fr,page-sitemap1.xml,True
https://wordpress-1663747-6631130.cloudwaysapps.com/fr/demenagement-saint-colomban/,wordpress-1663747-6631130.cloudwaysapps.com,/fr/demenagement-saint-colomban/,fr,page-sitemap1.xml,True
https://wordpress-1663747-6631130.cloudwaysapps.com/fr/demenagement-quebec-city-province/,wordpress-1663747-6631130.cloudwaysapps.com,/fr/demenagement-quebec-city-province/,fr,page-sitemap1.xml,True
https://wordpress-1663747-6631130.cloudwaysapps.com/fr/demenagement-morin-heights/,wordpress-1663747-6631130.cloudwaysapps.com,/fr/demenagement-morin-heights/,fr,page-sitemap1.xml,True
https://wordpress-1663747-6631130.cloudwaysapps.com/fr/demenagement-sainte-anne-des-plaines/,wordpress-1663747-6631130.cloudwaysapps.com,/fr/demenagement-sainte-anne-des-plaines/,fr,page-sitemap1.xml,True
https://wordpress-1663747-6631130.cloudwaysapps.com/fr/demenagement-laval-des-rapides/,wordpress-1663747-6631130.cloudwaysapps.com,/fr/demenagement-laval-des-rapides/,fr,page-sitemap1.xml,True
https://wordpress-1663747-6631130.cloudwaysapps.com/fr/demenagement-mont-saint-hilaire/,wordpress-1663747-6631130.cloudwaysapps.com,/fr/demenagement-mont-saint-hilaire/,fr,page-sitemap1.xml,True
https://wordpress-1663747-6631130.cloudwaysapps.com/fr/demenagement-otterburn-park/,wordpress-1663747-6631130.cloudwaysapps.com,/fr/demenagement-otterburn-park/,fr,page-sitemap1.xml,True
https://wordpress-1663747-6631130.cloudwaysapps.com/fr/demenagement-saint-bruno-de-montarville/,wordpress-1663747-6631130.cloudwaysapps.com,/fr/demenagement-saint-bruno-de-montarville/,fr,page-sitemap1.xml,True
https://wordpress-1663747-6631130.cloudwaysapps.com/fr/demenagement-pierrefonds-roxboro-demenagement-crown/,wordpress-1663747-6631130.cloudwaysapps.com,/fr/demenagement-pierrefonds-roxboro-demenagement-crown/,fr,page-sitemap1.xml,True
https://wordpress-1663747-6631130.cloudwaysapps.com/fr/demenagement-rawdon-service-de-demenagement-a-rawdon/,wordpress-1663747-6631130.cloudwaysapps.com,/fr/demenagement-rawdon-service-de-demenagement-a-rawdon/,fr,page-sitemap1.xml,True
https://wordpress-1663747-6631130.cloudwaysapps.com/fr/demenagement-pointe-aux-trembles-service-de-demenagement/,wordpress-1663747-6631130.cloudwaysapps.com,/fr/demenagement-pointe-aux-trembles-service-de-demenagement/,fr,page-sitemap1.xml,True
https://wordpress-1663747-6631130.cloudwaysapps.com/fr/demenagement-vancouver/,wordpress-1663747-6631130.cloudwaysapps.com,/fr/demenagement-vancouver/,fr,page-sitemap1.xml,True
https://wordpress-1663747-6631130.cloudwaysapps.com/fr/demenagement-sainte-agathe-des-monts/,wordpress-1663747-6631130.cloudwaysapps.com,/fr/demenagement-sainte-agathe-des-monts/,fr,page-sitemap1.xml,True
https://wordpress-1663747-6631130.cloudwaysapps.com/fr/demenagement-saint-sauveur/,wordpress-1663747-6631130.cloudwaysapps.com,/fr/demenagement-saint-sauveur/,fr,page-sitemap1.xml,True
https://wordpress-1663747-6631130.cloudwaysapps.com/fr/demenagement-sainte-adele/,wordpress-1663747-6631130.cloudwaysapps.com,/fr/demenagement-sainte-adele/,fr,page-sitemap1.xml,True
https://wordpress-1663747-6631130.cloudwaysapps.com/fr/demenagement-napierville/,wordpress-1663747-6631130.cloudwaysapps.com,/fr/demenagement-napierville/,fr,page-sitemap1.xml,True
https://wordpress-1663747-6631130.cloudwaysapps.com/fr/demenagement-saint-jean-sur-richelieu/,wordpress-1663747-6631130.cloudwaysapps.com,/fr/demenagement-saint-jean-sur-richelieu/,fr,page-sitemap1.xml,True
https://wordpress-1663747-6631130.cloudwaysapps.com/fr/demenagement-saint-lambert/,wordpress-1663747-6631130.cloudwaysapps.com,/fr/demenagement-saint-lambert/,fr,page-sitemap1.xml,True
https://wordpress-1663747-6631130.cloudwaysapps.com/fr/demenagement-saint-marc-sur-richelieu/,wordpress-1663747-6631130.cloudwaysapps.com,/fr/demenagement-saint-marc-sur-richelieu/,fr,page-sitemap1.xml,True
https://wordpress-1663747-6631130.cloudwaysapps.com/fr/entreposage-senneville/,wordpress-1663747-6631130.cloudwaysapps.com,/fr/entreposage-senneville/,fr,page-sitemap1.xml,True
https://wordpress-1663747-6631130.cloudwaysapps.com/fr/demenagement-villeray-2/,wordpress-1663747-6631130.cloudwaysapps.com,/fr/demenagement-villeray-2/,fr,page-sitemap1.xml,True
https://wordpress-1663747-6631130.cloudwaysapps.com/fr/demenagement-saint-laurent-service-de-demenagement/,wordpress-1663747-6631130.cloudwaysapps.com,/fr/demenagement-saint-laurent-service-de-demenagement/,fr,page-sitemap1.xml,True
https://wordpress-1663747-6631130.cloudwaysapps.com/fr/demenagement-a-saint-henri/,wordpress-1663747-6631130.cloudwaysapps.com,/fr/demenagement-a-saint-henri/,fr,page-sitemap1.xml,True
https://wordpress-1663747-6631130.cloudwaysapps.com/fr/demenagement-saint-lin-laurentides/,wordpress-1663747-6631130.cloudwaysapps.com,/fr/demenagement-saint-lin-laurentides/,fr,page-sitemap1.xml,True
https://wordpress-1663747-6631130.cloudwaysapps.com/fr/demenagement-sainte-marthe-sur-le-lac/,wordpress-1663747-6631130.cloudwaysapps.com,/fr/demenagement-sainte-marthe-sur-le-lac/,fr,page-sitemap1.xml,True
https://wordpress-1663747-6631130.cloudwaysapps.com/fr/demenagement-kahnawake/,wordpress-1663747-6631130.cloudwaysapps.com,/fr/demenagement-kahnawake/,fr,page-sitemap1.xml,True
https://wordpress-1663747-6631130.cloudwaysapps.com/fr/demenagement-greenfield-park/,wordpress-1663747-6631130.cloudwaysapps.com,/fr/demenagement-greenfield-park/,fr,page-sitemap1.xml,True
https://wordpress-1663747-6631130.cloudwaysapps.com/fr/demenagement-chateauguay/,wordpress-1663747-6631130.cloudwaysapps.com,/fr/demenagement-chateauguay/,fr,page-sitemap1.xml,True
https://wordpress-1663747-6631130.cloudwaysapps.com/fr/demenagement-sainte-rose/,wordpress-1663747-6631130.cloudwaysapps.com,/fr/demenagement-sainte-rose/,fr,page-sitemap1.xml,True
https://wordpress-1663747-6631130.cloudwaysapps.com/fr/demenagement-saint-sulpice/,wordpress-1663747-6631130.cloudwaysapps.com,/fr/demenagement-saint-sulpice/,fr,page-sitemap1.xml,True
https://wordpress-1663747-6631130.cloudwaysapps.com/fr/demenagement-carignan-2/,wordpress-1663747-6631130.cloudwaysapps.com,/fr/demenagement-carignan-2/,fr,page-sitemap1.xml,True
https://wordpress-1663747-6631130.cloudwaysapps.com/fr/demenagement-yamaska/,wordpress-1663747-6631130.cloudwaysapps.com,/fr/demenagement-yamaska/,fr,page-sitemap1.xml,True
https://wordpress-1663747-6631130.cloudwaysapps.com/fr/demenagement-lepiphanie/,wordpress-1663747-6631130.cloudwaysapps.com,/fr/demenagement-lepiphanie/,fr,page-sitemap1.xml,True
https://wordpress-1663747-6631130.cloudwaysapps.com/fr/demenagement-prevost/,wordpress-1663747-6631130.cloudwaysapps.com,/fr/demenagement-prevost/,fr,page-sitemap1.xml,True
https://wordpress-1663747-6631130.cloudwaysapps.com/fr/entreposage-sainte-anne-de-bellevue/,wordpress-1663747-6631130.cloudwaysapps.com,/fr/entreposage-sainte-anne-de-bellevue/,fr,page-sitemap1.xml,True
https://wordpress-1663747-6631130.cloudwaysapps.com/fr/entreposage-a-baie-durfe/,wordpress-1663747-6631130.cloudwaysapps.com,/fr/entreposage-a-baie-durfe/,fr,page-sitemap1.xml,True
https://wordpress-1663747-6631130.cloudwaysapps.com/fr/entreposage-a-lachine/,wordpress-1663747-6631130.cloudwaysapps.com,/fr/entreposage-a-lachine/,fr,page-sitemap1.xml,True
https://wordpress-1663747-6631130.cloudwaysapps.com/montreal-moving-cost-calculator/,wordpress-1663747-6631130.cloudwaysapps.com,/montreal-moving-cost-calculator/,en,page-sitemap1.xml,True
https://wordpress-1663747-6631130.cloudwaysapps.com/fr/entreposage-a-beaconsfield/,wordpress-1663747-6631130.cloudwaysapps.com,/fr/entreposage-a-beaconsfield/,fr,page-sitemap1.xml,True
https://wordpress-1663747-6631130.cloudwaysapps.com/fr/entreposage-dollard-des-ormeaux/,wordpress-1663747-6631130.cloudwaysapps.com,/fr/entreposage-dollard-des-ormeaux/,fr,page-sitemap1.xml,True
https://wordpress-1663747-6631130.cloudwaysapps.com/fr/demenagement-lavaltrie/,wordpress-1663747-6631130.cloudwaysapps.com,/fr/demenagement-lavaltrie/,fr,page-sitemap1.xml,True
https://wordpress-1663747-6631130.cloudwaysapps.com/fr/demenagement-oka/,wordpress-1663747-6631130.cloudwaysapps.com,/fr/demenagement-oka/,fr,page-sitemap1.xml,True
https://wordpress-1663747-6631130.cloudwaysapps.com/fr/demenagement-pointe-calumet/,wordpress-1663747-6631130.cloudwaysapps.com,/fr/demenagement-pointe-calumet/,fr,page-sitemap1.xml,True
https://wordpress-1663747-6631130.cloudwaysapps.com/fr/demenagement-pont-viau/,wordpress-1663747-6631130.cloudwaysapps.com,/fr/demenagement-pont-viau/,fr,page-sitemap1.xml,True
https://wordpress-1663747-6631130.cloudwaysapps.com/fr/demenagement-saint-eustache/,wordpress-1663747-6631130.cloudwaysapps.com,/fr/demenagement-saint-eustache/,fr,page-sitemap1.xml,True
https://wordpress-1663747-6631130.cloudwaysapps.com/fr/demenagement-pointe-saint-charles-demenageur/,wordpress-1663747-6631130.cloudwaysapps.com,/fr/demenagement-pointe-saint-charles-demenageur/,fr,page-sitemap1.xml,True
https://wordpress-1663747-6631130.cloudwaysapps.com/fr/demenagement-fabreville/,wordpress-1663747-6631130.cloudwaysapps.com,/fr/demenagement-fabreville/,fr,page-sitemap1.xml,True
https://wordpress-1663747-6631130.cloudwaysapps.com/fr/entreposage-pierrefonds/,wordpress-1663747-6631130.cloudwaysapps.com,/fr/entreposage-pierrefonds/,fr,page-sitemap1.xml,True
https://wordpress-1663747-6631130.cloudwaysapps.com/montreal-movers/,wordpress-1663747-6631130.cloudwaysapps.com,/montreal-movers/,en,page-sitemap1.xml,True
https://wordpress-1663747-6631130.cloudwaysapps.com/fr/entreposage-kirkland/,wordpress-1663747-6631130.cloudwaysapps.com,/fr/entreposage-kirkland/,fr,page-sitemap1.xml,True
https://wordpress-1663747-6631130.cloudwaysapps.com/fr/entreposage-ouest-de-lile/,wordpress-1663747-6631130.cloudwaysapps.com,/fr/entreposage-ouest-de-lile/,fr,page-sitemap1.xml,True
https://wordpress-1663747-6631130.cloudwaysapps.com/fr/mini-entrepot-a-montreal/,wordpress-1663747-6631130.cloudwaysapps.com,/fr/mini-entrepot-a-montreal/,fr,page-sitemap1.xml,True
https://wordpress-1663747-6631130.cloudwaysapps.com/fr/entreposage-des-meubles-a-montreal/,wordpress-1663747-6631130.cloudwaysapps.com,/fr/entreposage-des-meubles-a-montreal/,fr,page-sitemap1.xml,True
https://wordpress-1663747-6631130.cloudwaysapps.com/fr/demenagement-rosemere/,wordpress-1663747-6631130.cloudwaysapps.com,/fr/demenagement-rosemere/,fr,page-sitemap1.xml,True
https://wordpress-1663747-6631130.cloudwaysapps.com/fr/entreposage-temporaire-a-montreal/,wordpress-1663747-6631130.cloudwaysapps.com,/fr/entreposage-temporaire-a-montreal/,fr,page-sitemap1.xml,True
https://wordpress-1663747-6631130.cloudwaysapps.com/fr/demenagement-et-entreposage-montreal/,wordpress-1663747-6631130.cloudwaysapps.com,/fr/demenagement-et-entreposage-montreal/,fr,page-sitemap1.xml,True
https://wordpress-1663747-6631130.cloudwaysapps.com/fr/demenagement-gatineau/,wordpress-1663747-6631130.cloudwaysapps.com,/fr/demenagement-gatineau/,fr,page-sitemap1.xml,True
https://wordpress-1663747-6631130.cloudwaysapps.com/fr/entreposage-montreal/,wordpress-1663747-6631130.cloudwaysapps.com,/fr/entreposage-montreal/,fr,page-sitemap1.xml,True
https://wordpress-1663747-6631130.cloudwaysapps.com/storage-solutions/,wordpress-1663747-6631130.cloudwaysapps.com,/storage-solutions/,en,page-sitemap1.xml,True
https://wordpress-1663747-6631130.cloudwaysapps.com/our-partners/,wordpress-1663747-6631130.cloudwaysapps.com,/our-partners/,en,page-sitemap1.xml,True
https://wordpress-1663747-6631130.cloudwaysapps.com/fr/demenagement-dunham/,wordpress-1663747-6631130.cloudwaysapps.com,/fr/demenagement-dunham/,fr,page-sitemap1.xml,True
https://wordpress-1663747-6631130.cloudwaysapps.com/fr/demenagement-lac-brome/,wordpress-1663747-6631130.cloudwaysapps.com,/fr/demenagement-lac-brome/,fr,page-sitemap1.xml,True
https://wordpress-1663747-6631130.cloudwaysapps.com/fr/demenagement-saint-philippe/,wordpress-1663747-6631130.cloudwaysapps.com,/fr/demenagement-saint-philippe/,fr,page-sitemap1.xml,True
https://wordpress-1663747-6631130.cloudwaysapps.com/fr/demenagement-saint-lambert-2-2/,wordpress-1663747-6631130.cloudwaysapps.com,/fr/demenagement-saint-lambert-2-2/,fr,page-sitemap1.xml,True
https://wordpress-1663747-6631130.cloudwaysapps.com/fr/demenagement-saint-isidore/,wordpress-1663747-6631130.cloudwaysapps.com,/fr/demenagement-saint-isidore/,fr,page-sitemap1.xml,True
https://wordpress-1663747-6631130.cloudwaysapps.com/fr/demenagement-sorel-tracy/,wordpress-1663747-6631130.cloudwaysapps.com,/fr/demenagement-sorel-tracy/,fr,page-sitemap1.xml,True
https://wordpress-1663747-6631130.cloudwaysapps.com/fr/demenagement-saint-hyacinthe/,wordpress-1663747-6631130.cloudwaysapps.com,/fr/demenagement-saint-hyacinthe/,fr,page-sitemap1.xml,True
https://wordpress-1663747-6631130.cloudwaysapps.com/fr/demenagement-sainte-catherine/,wordpress-1663747-6631130.cloudwaysapps.com,/fr/demenagement-sainte-catherine/,fr,page-sitemap1.xml,True
https://wordpress-1663747-6631130.cloudwaysapps.com/fr/demenagement-saint-basile-le-grand/,wordpress-1663747-6631130.cloudwaysapps.com,/fr/demenagement-saint-basile-le-grand/,fr,page-sitemap1.xml,True
https://wordpress-1663747-6631130.cloudwaysapps.com/fr/demenagement-saint-antoine-sur-richelieu/,wordpress-1663747-6631130.cloudwaysapps.com,/fr/demenagement-saint-antoine-sur-richelieu/,fr,page-sitemap1.xml,True
https://wordpress-1663747-6631130.cloudwaysapps.com/fr/demenagement-saint-amable/,wordpress-1663747-6631130.cloudwaysapps.com,/fr/demenagement-saint-amable/,fr,page-sitemap1.xml,True
https://wordpress-1663747-6631130.cloudwaysapps.com/fr/demenagement-richelieu/,wordpress-1663747-6631130.cloudwaysapps.com,/fr/demenagement-richelieu/,fr,page-sitemap1.xml,True
https://wordpress-1663747-6631130.cloudwaysapps.com/fr/demenagement-lorraine/,wordpress-1663747-6631130.cloudwaysapps.com,/fr/demenagement-lorraine/,fr,page-sitemap1.xml,True
https://wordpress-1663747-6631130.cloudwaysapps.com/fr/demenagement-ahuntsic-cartierville/,wordpress-1663747-6631130.cloudwaysapps.com,/fr/demenagement-ahuntsic-cartierville/,fr,page-sitemap1.xml,True
https://wordpress-1663747-6631130.cloudwaysapps.com/fr/demenagement-montreal/,wordpress-1663747-6631130.cloudwaysapps.com,/fr/demenagement-montreal/,fr,page-sitemap1.xml,True
https://wordpress-1663747-6631130.cloudwaysapps.com/fr/demenagement-sutton/,wordpress-1663747-6631130.cloudwaysapps.com,/fr/demenagement-sutton/,fr,page-sitemap1.xml,True
https://wordpress-1663747-6631130.cloudwaysapps.com/laval-movers/,wordpress-1663747-6631130.cloudwaysapps.com,/laval-movers/,en,page-sitemap1.xml,True
https://wordpress-1663747-6631130.cloudwaysapps.com/sainte-anne-de-bellevue-movers/,wordpress-1663747-6631130.cloudwaysapps.com,/sainte-anne-de-bellevue-movers/,en,page-sitemap1.xml,True
https://wordpress-1663747-6631130.cloudwaysapps.com/riviere-des-prairies-movers/,wordpress-1663747-6631130.cloudwaysapps.com,/riviere-des-prairies-movers/,en,page-sitemap1.xml,True
https://wordpress-1663747-6631130.cloudwaysapps.com/pointe-aux-trembles-movers/,wordpress-1663747-6631130.cloudwaysapps.com,/pointe-aux-trembles-movers/,en,page-sitemap1.xml,True
https://wordpress-1663747-6631130.cloudwaysapps.com/pointe-saint-charles-movers/,wordpress-1663747-6631130.cloudwaysapps.com,/pointe-saint-charles-movers/,en,page-sitemap1.xml,True
https://wordpress-1663747-6631130.cloudwaysapps.com/pointe-claire-movers/,wordpress-1663747-6631130.cloudwaysapps.com,/pointe-claire-movers/,en,page-sitemap1.xml,True
https://wordpress-1663747-6631130.cloudwaysapps.com/pincourt-movers/,wordpress-1663747-6631130.cloudwaysapps.com,/pincourt-movers/,en,page-sitemap1.xml,True
https://wordpress-1663747-6631130.cloudwaysapps.com/pierrefonds-roxboro-movers/,wordpress-1663747-6631130.cloudwaysapps.com,/pierrefonds-roxboro-movers/,en,page-sitemap1.xml,True
https://wordpress-1663747-6631130.cloudwaysapps.com/little-italy-montreal-movers/,wordpress-1663747-6631130.cloudwaysapps.com,/little-italy-montreal-movers/,en,page-sitemap1.xml,True
https://wordpress-1663747-6631130.cloudwaysapps.com/park-extension-movers/,wordpress-1663747-6631130.cloudwaysapps.com,/park-extension-movers/,en,page-sitemap1.xml,True
https://wordpress-1663747-6631130.cloudwaysapps.com/notre-dame-de-grace-movers/,wordpress-1663747-6631130.cloudwaysapps.com,/notre-dame-de-grace-movers/,en,page-sitemap1.xml,True
https://wordpress-1663747-6631130.cloudwaysapps.com/montreal-west-movers/,wordpress-1663747-6631130.cloudwaysapps.com,/montreal-west-movers/,en,page-sitemap1.xml,True
https://wordpress-1663747-6631130.cloudwaysapps.com/montreal-north-movers/,wordpress-1663747-6631130.cloudwaysapps.com,/montreal-north-movers/,en,page-sitemap1.xml,True
https://wordpress-1663747-6631130.cloudwaysapps.com/mount-royal-movers/,wordpress-1663747-6631130.cloudwaysapps.com,/mount-royal-movers/,en,page-sitemap1.xml,True
https://wordpress-1663747-6631130.cloudwaysapps.com/ile-perrot-movers/,wordpress-1663747-6631130.cloudwaysapps.com,/ile-perrot-movers/,en,page-sitemap1.xml,True
https://wordpress-1663747-6631130.cloudwaysapps.com/ile-bizard-sainte-genevieve-movers/,wordpress-1663747-6631130.cloudwaysapps.com,/ile-bizard-sainte-genevieve-movers/,en,page-sitemap1.xml,True
https://wordpress-1663747-6631130.cloudwaysapps.com/hochelaga-maisonneuve-movers/,wordpress-1663747-6631130.cloudwaysapps.com,/hochelaga-maisonneuve-movers/,en,page-sitemap1.xml,True
https://wordpress-1663747-6631130.cloudwaysapps.com/griffintown-movers/,wordpress-1663747-6631130.cloudwaysapps.com,/griffintown-movers/,en,page-sitemap1.xml,True
https://wordpress-1663747-6631130.cloudwaysapps.com/fr/demenagement-deux-montagnes/,wordpress-1663747-6631130.cloudwaysapps.com,/fr/demenagement-deux-montagnes/,fr,page-sitemap1.xml,True
https://wordpress-1663747-6631130.cloudwaysapps.com/fr/demenagement-hudson/,wordpress-1663747-6631130.cloudwaysapps.com,/fr/demenagement-hudson/,fr,page-sitemap1.xml,True
https://wordpress-1663747-6631130.cloudwaysapps.com/fr/demenagement-rawdon/,wordpress-1663747-6631130.cloudwaysapps.com,/fr/demenagement-rawdon/,fr,page-sitemap1.xml,True
https://wordpress-1663747-6631130.cloudwaysapps.com/fr/demenagement-saint-lazare/,wordpress-1663747-6631130.cloudwaysapps.com,/fr/demenagement-saint-lazare/,fr,page-sitemap1.xml,True
https://wordpress-1663747-6631130.cloudwaysapps.com/fr/demenagement-charlemagne/,wordpress-1663747-6631130.cloudwaysapps.com,/fr/demenagement-charlemagne/,fr,page-sitemap1.xml,True
https://wordpress-1663747-6631130.cloudwaysapps.com/fr/demenagement-duvernay/,wordpress-1663747-6631130.cloudwaysapps.com,/fr/demenagement-duvernay/,fr,page-sitemap1.xml,True
https://wordpress-1663747-6631130.cloudwaysapps.com/fr/demenagement-chomedey/,wordpress-1663747-6631130.cloudwaysapps.com,/fr/demenagement-chomedey/,fr,page-sitemap1.xml,True
https://wordpress-1663747-6631130.cloudwaysapps.com/fr/demenagement-la-plaine/,wordpress-1663747-6631130.cloudwaysapps.com,/fr/demenagement-la-plaine/,fr,page-sitemap1.xml,True
https://wordpress-1663747-6631130.cloudwaysapps.com/fr/demenagement-lachenaie/,wordpress-1663747-6631130.cloudwaysapps.com,/fr/demenagement-lachenaie/,fr,page-sitemap1.xml,True
https://wordpress-1663747-6631130.cloudwaysapps.com/fr/demenagement-lassomption/,wordpress-1663747-6631130.cloudwaysapps.com,/fr/demenagement-lassomption/,fr,page-sitemap1.xml,True
https://wordpress-1663747-6631130.cloudwaysapps.com/fr/demenagement-petite-italie/,wordpress-1663747-6631130.cloudwaysapps.com,/fr/demenagement-petite-italie/,fr,page-sitemap1.xml,True
https://wordpress-1663747-6631130.cloudwaysapps.com/cote-saint-luc-movers/,wordpress-1663747-6631130.cloudwaysapps.com,/cote-saint-luc-movers/,en,page-sitemap1.xml,True
https://wordpress-1663747-6631130.cloudwaysapps.com/cote-des-neiges-movers/,wordpress-1663747-6631130.cloudwaysapps.com,/cote-des-neiges-movers/,en,page-sitemap1.xml,True
https://wordpress-1663747-6631130.cloudwaysapps.com/baie-d-urfe-movers/,wordpress-1663747-6631130.cloudwaysapps.com,/baie-d-urfe-movers/,en,page-sitemap1.xml,True
https://wordpress-1663747-6631130.cloudwaysapps.com/fr/demenagement-mirabel/,wordpress-1663747-6631130.cloudwaysapps.com,/fr/demenagement-mirabel/,fr,page-sitemap1.xml,True
https://wordpress-1663747-6631130.cloudwaysapps.com/crown-storage-units-montreal/,wordpress-1663747-6631130.cloudwaysapps.com,/crown-storage-units-montreal/,en,page-sitemap1.xml,True
https://wordpress-1663747-6631130.cloudwaysapps.com/long-distance-moving/moving-toronto-montreal/,wordpress-1663747-6631130.cloudwaysapps.com,/long-distance-moving/moving-toronto-montreal/,en,page-sitemap1.xml,True
https://wordpress-1663747-6631130.cloudwaysapps.com/fr/nos-partenaires/,wordpress-1663747-6631130.cloudwaysapps.com,/fr/nos-partenaires/,fr,page-sitemap1.xml,True
https://wordpress-1663747-6631130.cloudwaysapps.com/fr/demenagement-a-downtown-montreal/,wordpress-1663747-6631130.cloudwaysapps.com,/fr/demenagement-a-downtown-montreal/,fr,page-sitemap1.xml,True
https://wordpress-1663747-6631130.cloudwaysapps.com/fr/demenagement-sote-saint-luc/,wordpress-1663747-6631130.cloudwaysapps.com,/fr/demenagement-sote-saint-luc/,fr,page-sitemap1.xml,True
https://wordpress-1663747-6631130.cloudwaysapps.com/fr/demenagement-cote-des-neiges-demenageurs-fiables/,wordpress-1663747-6631130.cloudwaysapps.com,/fr/demenagement-cote-des-neiges-demenageurs-fiables/,fr,page-sitemap1.xml,True
https://wordpress-1663747-6631130.cloudwaysapps.com/fr/demenagement-de-louest-de-lile/,wordpress-1663747-6631130.cloudwaysapps.com,/fr/demenagement-de-louest-de-lile/,fr,page-sitemap1.xml,True
https://wordpress-1663747-6631130.cloudwaysapps.com/fr/demenagement-longue-distance/demenagement-montreal-quebec/,wordpress-1663747-6631130.cloudwaysapps.com,/fr/demenagement-longue-distance/demenagement-montreal-quebec/,fr,page-sitemap1.xml,True
https://wordpress-1663747-6631130.cloudwaysapps.com/fr/demenagement-vaudreuil/,wordpress-1663747-6631130.cloudwaysapps.com,/fr/demenagement-vaudreuil/,fr,page-sitemap1.xml,True
https://wordpress-1663747-6631130.cloudwaysapps.com/fr/demenagement-brossard/,wordpress-1663747-6631130.cloudwaysapps.com,/fr/demenagement-brossard/,fr,page-sitemap1.xml,True
https://wordpress-1663747-6631130.cloudwaysapps.com/fr/demenagement-blainville/,wordpress-1663747-6631130.cloudwaysapps.com,/fr/demenagement-blainville/,fr,page-sitemap1.xml,True
https://wordpress-1663747-6631130.cloudwaysapps.com/fr/assemblage-de-meubles-ikea/,wordpress-1663747-6631130.cloudwaysapps.com,/fr/assemblage-de-meubles-ikea/,fr,page-sitemap1.xml,True
https://wordpress-1663747-6631130.cloudwaysapps.com/nuns-island-movers/,wordpress-1663747-6631130.cloudwaysapps.com,/nuns-island-movers/,en,page-sitemap1.xml,True
https://wordpress-1663747-6631130.cloudwaysapps.com/fr/demenagement-parc-extension-demenagement-crown/,wordpress-1663747-6631130.cloudwaysapps.com,/fr/demenagement-parc-extension-demenagement-crown/,fr,page-sitemap1.xml,True
https://wordpress-1663747-6631130.cloudwaysapps.com/fr/demenagement-notre-dame-de-grace-demenagement-crown/,wordpress-1663747-6631130.cloudwaysapps.com,/fr/demenagement-notre-dame-de-grace-demenagement-crown/,fr,page-sitemap1.xml,True
https://wordpress-1663747-6631130.cloudwaysapps.com/fr/demenagement-montreal-ouest/,wordpress-1663747-6631130.cloudwaysapps.com,/fr/demenagement-montreal-ouest/,fr,page-sitemap1.xml,True
https://wordpress-1663747-6631130.cloudwaysapps.com/fr/demenagement-montreal-nord-demenagement-rapide/,wordpress-1663747-6631130.cloudwaysapps.com,/fr/demenagement-montreal-nord-demenagement-rapide/,fr,page-sitemap1.xml,True
https://wordpress-1663747-6631130.cloudwaysapps.com/fr/demenagement-ile-bizard-sainte-genevieve-demenageur-fiable/,wordpress-1663747-6631130.cloudwaysapps.com,/fr/demenagement-ile-bizard-sainte-genevieve-demenageur-fiable/,fr,page-sitemap1.xml,True
https://wordpress-1663747-6631130.cloudwaysapps.com/piano-moving-service/,wordpress-1663747-6631130.cloudwaysapps.com,/piano-moving-service/,en,page-sitemap1.xml,True
https://wordpress-1663747-6631130.cloudwaysapps.com/fr/qui-sommes-nous/,wordpress-1663747-6631130.cloudwaysapps.com,/fr/qui-sommes-nous/,fr,page-sitemap1.xml,True
https://wordpress-1663747-6631130.cloudwaysapps.com/fr/politique-en-matiere-de-cookies/,wordpress-1663747-6631130.cloudwaysapps.com,/fr/politique-en-matiere-de-cookies/,fr,page-sitemap1.xml,True
https://wordpress-1663747-6631130.cloudwaysapps.com/student-moving-montreal-15-discount/,wordpress-1663747-6631130.cloudwaysapps.com,/student-moving-montreal-15-discount/,en,page-sitemap1.xml,True
https://wordpress-1663747-6631130.cloudwaysapps.com/fr/demenagement-longue-distance/montreal-hamilton/,wordpress-1663747-6631130.cloudwaysapps.com,/fr/demenagement-longue-distance/montreal-hamilton/,fr,page-sitemap1.xml,True
https://wordpress-1663747-6631130.cloudwaysapps.com/fr/assemblage-de-meubles-de-jardin/,wordpress-1663747-6631130.cloudwaysapps.com,/fr/assemblage-de-meubles-de-jardin/,fr,page-sitemap1.xml,True
https://wordpress-1663747-6631130.cloudwaysapps.com/fr/demenagement-longue-distance/montreal-niagara-falls/,wordpress-1663747-6631130.cloudwaysapps.com,/fr/demenagement-longue-distance/montreal-niagara-falls/,fr,page-sitemap1.xml,True
https://wordpress-1663747-6631130.cloudwaysapps.com/fr/petit-demenagement-rive-sud/,wordpress-1663747-6631130.cloudwaysapps.com,/fr/petit-demenagement-rive-sud/,fr,page-sitemap1.xml,True
https://wordpress-1663747-6631130.cloudwaysapps.com/fr/proteger-vos-biens-lors-dun-demenagement-en-hiver/,wordpress-1663747-6631130.cloudwaysapps.com,/fr/proteger-vos-biens-lors-dun-demenagement-en-hiver/,fr,page-sitemap1.xml,True
https://wordpress-1663747-6631130.cloudwaysapps.com/fr/demenagement-joliette/,wordpress-1663747-6631130.cloudwaysapps.com,/fr/demenagement-joliette/,fr,page-sitemap1.xml,True
https://wordpress-1663747-6631130.cloudwaysapps.com/fr/demenagement-anjou/,wordpress-1663747-6631130.cloudwaysapps.com,/fr/demenagement-anjou/,fr,page-sitemap1.xml,True
https://wordpress-1663747-6631130.cloudwaysapps.com/fr/demenagement-laval/,wordpress-1663747-6631130.cloudwaysapps.com,/fr/demenagement-laval/,fr,page-sitemap1.xml,True
https://wordpress-1663747-6631130.cloudwaysapps.com/fr/assemblage-de-meubles-gatineau-ottawa/,wordpress-1663747-6631130.cloudwaysapps.com,/fr/assemblage-de-meubles-gatineau-ottawa/,fr,page-sitemap1.xml,True
https://wordpress-1663747-6631130.cloudwaysapps.com/fr/assemblage-de-azebo-montreal/,wordpress-1663747-6631130.cloudwaysapps.com,/fr/assemblage-de-azebo-montreal/,fr,page-sitemap1.xml,True
https://wordpress-1663747-6631130.cloudwaysapps.com/fr/assemblage-de-bbq-montreal-2/,wordpress-1663747-6631130.cloudwaysapps.com,/fr/assemblage-de-bbq-montreal-2/,fr,page-sitemap1.xml,True
https://wordpress-1663747-6631130.cloudwaysapps.com/fr/demenagement-urgent-a-montreal/,wordpress-1663747-6631130.cloudwaysapps.com,/fr/demenagement-urgent-a-montreal/,fr,page-sitemap1.xml,True
https://wordpress-1663747-6631130.cloudwaysapps.com/fr/demenageur-pas-cher-montreal/,wordpress-1663747-6631130.cloudwaysapps.com,/fr/demenageur-pas-cher-montreal/,fr,page-sitemap1.xml,True
https://wordpress-1663747-6631130.cloudwaysapps.com/fr/installation-ikea-montreal/,wordpress-1663747-6631130.cloudwaysapps.com,/fr/installation-ikea-montreal/,fr,page-sitemap1.xml,True
https://wordpress-1663747-6631130.cloudwaysapps.com/ikea-install-montreal/,wordpress-1663747-6631130.cloudwaysapps.com,/ikea-install-montreal/,en,page-sitemap1.xml,True
https://wordpress-1663747-6631130.cloudwaysapps.com/small-moves-south-shore/,wordpress-1663747-6631130.cloudwaysapps.com,/small-moves-south-shore/,en,page-sitemap1.xml,True
https://wordpress-1663747-6631130.cloudwaysapps.com/fr/demenagement-etudiant-montreal/,wordpress-1663747-6631130.cloudwaysapps.com,/fr/demenagement-etudiant-montreal/,fr,page-sitemap1.xml,True
https://wordpress-1663747-6631130.cloudwaysapps.com/fr/livraison-de-meubles-montreal/,wordpress-1663747-6631130.cloudwaysapps.com,/fr/livraison-de-meubles-montreal/,fr,page-sitemap1.xml,True
https://wordpress-1663747-6631130.cloudwaysapps.com/fr/installation-ikea-laval/,wordpress-1663747-6631130.cloudwaysapps.com,/fr/installation-ikea-laval/,fr,page-sitemap1.xml,True
https://wordpress-1663747-6631130.cloudwaysapps.com/fr/demenagement-piano-a-laval/,wordpress-1663747-6631130.cloudwaysapps.com,/fr/demenagement-piano-a-laval/,fr,page-sitemap1.xml,True
https://wordpress-1663747-6631130.cloudwaysapps.com/ikea-install-laval/,wordpress-1663747-6631130.cloudwaysapps.com,/ikea-install-laval/,en,page-sitemap1.xml,True
https://wordpress-1663747-6631130.cloudwaysapps.com/fr/demenagement-montreal/demenagement-derniere-minute-a-montreal/,wordpress-1663747-6631130.cloudwaysapps.com,/fr/demenagement-montreal/demenagement-derniere-minute-a-montreal/,fr,page-sitemap1.xml,True
https://www.crownmovers.ca/,www.crownmovers.ca,/,en,page-sitemap2.xml,False
https://www.crownmovers.ca/fr/qui-sommes-nous/,www.crownmovers.ca,/fr/qui-sommes-nous/,fr,page-sitemap2.xml,False
https://www.crownmovers.ca/fr/politique-en-matiere-de-cookies/,www.crownmovers.ca,/fr/politique-en-matiere-de-cookies/,fr,page-sitemap2.xml,False
https://www.crownmovers.ca/student-moving-montreal-15-discount/,www.crownmovers.ca,/student-moving-montreal-15-discount/,en,page-sitemap2.xml,False
https://www.crownmovers.ca/fr/demenagement-longue-distance/montreal-hamilton/,www.crownmovers.ca,/fr/demenagement-longue-distance/montreal-hamilton/,fr,page-sitemap2.xml,False
https://www.crownmovers.ca/fr/demenagement-longue-distance/montreal-niagara-falls/,www.crownmovers.ca,/fr/demenagement-longue-distance/montreal-niagara-falls/,fr,page-sitemap2.xml,False
https://www.crownmovers.ca/fr/petit-demenagement-rive-sud/,www.crownmovers.ca,/fr/petit-demenagement-rive-sud/,fr,page-sitemap2.xml,False
https://www.crownmovers.ca/fr/proteger-vos-biens-lors-dun-demenagement-en-hiver/,www.crownmovers.ca,/fr/proteger-vos-biens-lors-dun-demenagement-en-hiver/,fr,page-sitemap2.xml,False
https://www.crownmovers.ca/fr/demenagement-joliette/,www.crownmovers.ca,/fr/demenagement-joliette/,fr,page-sitemap2.xml,False
https://www.crownmovers.ca/fr/demenagement-laval/,www.crownmovers.ca,/fr/demenagement-laval/,fr,page-sitemap2.xml,False
https://www.crownmovers.ca/fr/demenagement-urgent-a-montreal/,www.crownmovers.ca,/fr/demenagement-urgent-a-montreal/,fr,page-sitemap2.xml,False
https://www.crownmovers.ca/fr/installation-ikea-montreal/,www.crownmovers.ca,/fr/installation-ikea-montreal/,fr,page-sitemap2.xml,False
https://www.crownmovers.ca/ikea-install-montreal/,www.crownmovers.ca,/ikea-install-montreal/,en,page-sitemap2.xml,False
https://www.crownmovers.ca/small-moves-south-shore/,www.crownmovers.ca,/small-moves-south-shore/,en,page-sitemap2.xml,False
https://www.crownmovers.ca/fr/installation-ikea-laval/,www.crownmovers.ca,/fr/installation-ikea-laval/,fr,page-sitemap2.xml,False
https://www.crownmovers.ca/fr/demenagement-piano-a-laval/,www.crownmovers.ca,/fr/demenagement-piano-a-laval/,fr,page-sitemap2.xml,False
https://www.crownmovers.ca/ikea-install-laval/,www.crownmovers.ca,/ikea-install-laval/,en,page-sitemap2.xml,False
https://www.crownmovers.ca/fr/demenagement-montreal/demenagement-derniere-minute-a-montreal/,www.crownmovers.ca,/fr/demenagement-montreal/demenagement-derniere-minute-a-montreal/,fr,page-sitemap2.xml,False
https://www.crownmovers.ca/fr/demenagement-rive-sud/,www.crownmovers.ca,/fr/demenagement-rive-sud/,fr,page-sitemap2.xml,False
https://www.crownmovers.ca/fr/demenagement-piano/,www.crownmovers.ca,/fr/demenagement-piano/,fr,page-sitemap2.xml,False
https://www.crownmovers.ca/fr/demenagement-outremont/,www.crownmovers.ca,/fr/demenagement-outremont/,fr,page-sitemap2.xml,False
https://www.crownmovers.ca/fr/demenagement-montreal/petit-demenagement-montreal/,www.crownmovers.ca,/fr/demenagement-montreal/petit-demenagement-montreal/,fr,page-sitemap2.xml,False
https://www.crownmovers.ca/fr/demenagement-montreal/demenagement-sans-camion/,www.crownmovers.ca,/fr/demenagement-montreal/demenagement-sans-camion/,fr,page-sitemap2.xml,False
https://www.crownmovers.ca/fr/demenagement-montreal/demenagement-de-bibliotheques/,www.crownmovers.ca,/fr/demenagement-montreal/demenagement-de-bibliotheques/,fr,page-sitemap2.xml,False
https://www.crownmovers.ca/fr/demenagement-mont-royal/,www.crownmovers.ca,/fr/demenagement-mont-royal/,fr,page-sitemap2.xml,False
https://www.crownmovers.ca/fr/demenagement-mascouche/,www.crownmovers.ca,/fr/demenagement-mascouche/,fr,page-sitemap2.xml,False
https://www.crownmovers.ca/fr/demenagement-longue-distance/montreal-victoriaville/,www.crownmovers.ca,/fr/demenagement-longue-distance/montreal-victoriaville/,fr,page-sitemap2.xml,False
https://www.crownmovers.ca/fr/demenagement-longue-distance/montreal-trois-rivieres/,www.crownmovers.ca,/fr/demenagement-longue-distance/montreal-trois-rivieres/,fr,page-sitemap2.xml,False
https://www.crownmovers.ca/fr/demenagement-longue-distance/montreal-shawinigan/,www.crownmovers.ca,/fr/demenagement-longue-distance/montreal-shawinigan/,fr,page-sitemap2.xml,False
https://www.crownmovers.ca/fr/demenagement-longue-distance/montreal-rouyn-noranda/,www.crownmovers.ca,/fr/demenagement-longue-distance/montreal-rouyn-noranda/,fr,page-sitemap2.xml,False
https://www.crownmovers.ca/fr/demenagement-longue-distance/demenagement-montreal-riviere-du-loup/,www.crownmovers.ca,/fr/demenagement-longue-distance/demenagement-montreal-riviere-du-loup/,fr,page-sitemap2.xml,False
https://www.crownmovers.ca/fr/demenagement-longue-distance/montreal-mississauga/,www.crownmovers.ca,/fr/demenagement-longue-distance/montreal-mississauga/,fr,page-sitemap2.xml,False
https://www.crownmovers.ca/fr/demenagement-longue-distance/montreal-magog/,www.crownmovers.ca,/fr/demenagement-longue-distance/montreal-magog/,fr,page-sitemap2.xml,False
https://www.crownmovers.ca/fr/demenagement-longue-distance/montreal-gatineau/,www.crownmovers.ca,/fr/demenagement-longue-distance/montreal-gatineau/,fr,page-sitemap2.xml,False
https://www.crownmovers.ca/fr/demenagement-longue-distance/montreal-sherbrooke/,www.crownmovers.ca,/fr/demenagement-longue-distance/montreal-sherbrooke/,fr,page-sitemap2.xml,False
https://www.crownmovers.ca/fr/demenagement-longue-distance/demenagement-montreal-winnipeg/,www.crownmovers.ca,/fr/demenagement-longue-distance/demenagement-montreal-winnipeg/,fr,page-sitemap2.xml,False
https://www.crownmovers.ca/fr/demenagement-longue-distance/demenagement-montreal-val-dor/,www.crownmovers.ca,/fr/demenagement-longue-distance/demenagement-montreal-val-dor/,fr,page-sitemap2.xml,False
https://www.crownmovers.ca/fr/demenagement-longue-distance/demenagement-montreal-saint-john/,www.crownmovers.ca,/fr/demenagement-longue-distance/demenagement-montreal-saint-john/,fr,page-sitemap2.xml,False
https://www.crownmovers.ca/fr/demenagement-longue-distance/demenagement-montreal-saguenay/,www.crownmovers.ca,/fr/demenagement-longue-distance/demenagement-montreal-saguenay/,fr,page-sitemap2.xml,False
https://www.crownmovers.ca/fr/demenagement-longue-distance/demenagement-montreal-rimouski/,www.crownmovers.ca,/fr/demenagement-longue-distance/demenagement-montreal-rimouski/,fr,page-sitemap2.xml,False
https://www.crownmovers.ca/fr/demenagement-longue-distance/demenagement-montreal-mont-tremblant/,www.crownmovers.ca,/fr/demenagement-longue-distance/demenagement-montreal-mont-tremblant/,fr,page-sitemap2.xml,False
https://www.crownmovers.ca/fr/demenagement-longue-distance/demenagement-montreal-levis/,www.crownmovers.ca,/fr/demenagement-longue-distance/demenagement-montreal-levis/,fr,page-sitemap2.xml,False
https://www.crownmovers.ca/fr/demenagement-longue-distance/montreal-gaspesie/,www.crownmovers.ca,/fr/demenagement-longue-distance/montreal-gaspesie/,fr,page-sitemap2.xml,False
https://www.crownmovers.ca/fr/demenagement-longue-distance/demenagement-montreal-chicoutimi/,www.crownmovers.ca,/fr/demenagement-longue-distance/demenagement-montreal-chicoutimi/,fr,page-sitemap2.xml,False
https://www.crownmovers.ca/fr/demenagement-longue-distance/demenagement-montreal-baie-comeau/,www.crownmovers.ca,/fr/demenagement-longue-distance/demenagement-montreal-baie-comeau/,fr,page-sitemap2.xml,False
https://www.crownmovers.ca/fr/demenagement-le-1er-juillet/,www.crownmovers.ca,/fr/demenagement-le-1er-juillet/,fr,page-sitemap2.xml,False
https://www.crownmovers.ca/fr/demenagement-laurentides/,www.crownmovers.ca,/fr/demenagement-laurentides/,fr,page-sitemap2.xml,False
https://www.crownmovers.ca/fr/demenagement-lasalle/,www.crownmovers.ca,/fr/demenagement-lasalle/,fr,page-sitemap2.xml,False
https://www.crownmovers.ca/fr/demenagement-lachine/,www.crownmovers.ca,/fr/demenagement-lachine/,fr,page-sitemap2.xml,False
https://www.crownmovers.ca/fr/demenagement-la-prairie/,www.crownmovers.ca,/fr/demenagement-la-prairie/,fr,page-sitemap2.xml,False
https://www.crownmovers.ca/fr/demenagement-kirkland/,www.crownmovers.ca,/fr/demenagement-kirkland/,fr,page-sitemap2.xml,False
https://www.crownmovers.ca/fr/demenagement-interprovincial/,www.crownmovers.ca,/fr/demenagement-interprovincial/,fr,page-sitemap2.xml,False
https://www.crownmovers.ca/fr/demenagement-institutionnel/,www.crownmovers.ca,/fr/demenagement-institutionnel/,fr,page-sitemap2.xml,False
https://www.crownmovers.ca/fr/demenagement-industriel/,www.crownmovers.ca,/fr/demenagement-industriel/,fr,page-sitemap2.xml,False
https://www.crownmovers.ca/fr/demenagement-hampstead/,www.crownmovers.ca,/fr/demenagement-hampstead/,fr,page-sitemap2.xml,False
https://www.crownmovers.ca/fr/faire-appel-a-des-professionnels-pour-un-demenagement-en-hiver-a-laval/,www.crownmovers.ca,/fr/faire-appel-a-des-professionnels-pour-un-demenagement-en-hiver-a-laval/,fr,page-sitemap2.xml,False
https://www.crownmovers.ca/fr/demenagement-delson/,www.crownmovers.ca,/fr/demenagement-delson/,fr,page-sitemap2.xml,False
https://www.crownmovers.ca/fr/demenagement-de-nuit/,www.crownmovers.ca,/fr/demenagement-de-nuit/,fr,page-sitemap2.xml,False
https://www.crownmovers.ca/fr/demenagement-de-coffre-fort/,www.crownmovers.ca,/fr/demenagement-de-coffre-fort/,fr,page-sitemap2.xml,False
https://www.crownmovers.ca/fr/demenagement-de-bureaux/,www.crownmovers.ca,/fr/demenagement-de-bureaux/,fr,page-sitemap2.xml,False
https://www.crownmovers.ca/fr/demenagement-d-equipments-de-gymnastique/,www.crownmovers.ca,/fr/demenagement-d-equipments-de-gymnastique/,fr,page-sitemap2.xml,False
https://www.crownmovers.ca/fr/demenagement-d-equipements-medicaux/,www.crownmovers.ca,/fr/demenagement-d-equipements-medicaux/,fr,page-sitemap2.xml,False
https://www.crownmovers.ca/fr/demenagement-d-appareils-electromenagers/,www.crownmovers.ca,/fr/demenagement-d-appareils-electromenagers/,fr,page-sitemap2.xml,False
https://www.crownmovers.ca/fr/demenagement-candiac/,www.crownmovers.ca,/fr/demenagement-candiac/,fr,page-sitemap2.xml,False
https://www.crownmovers.ca/fr/demenagement-chambly/,www.crownmovers.ca,/fr/demenagement-chambly/,fr,page-sitemap2.xml,False
https://www.crownmovers.ca/fr/demenagement-boucherville/,www.crownmovers.ca,/fr/demenagement-boucherville/,fr,page-sitemap2.xml,False
https://www.crownmovers.ca/fr/demenagement-boisbriand/,www.crownmovers.ca,/fr/demenagement-boisbriand/,fr,page-sitemap2.xml,False
https://www.crownmovers.ca/fr/demenagement-beloeil/,www.crownmovers.ca,/fr/demenagement-beloeil/,fr,page-sitemap2.xml,False
https://www.crownmovers.ca/fr/demenagement-a-prix-fixe-avec-demenagement-crown/,www.crownmovers.ca,/fr/demenagement-a-prix-fixe-avec-demenagement-crown/,fr,page-sitemap2.xml,False
https://www.crownmovers.ca/fr/contactez-nous/,www.crownmovers.ca,/fr/contactez-nous/,fr,page-sitemap2.xml,False
https://www.crownmovers.ca/fr/demenagement-d-objets-lourds/,www.crownmovers.ca,/fr/demenagement-d-objets-lourds/,fr,page-sitemap2.xml,False
https://www.crownmovers.ca/fr/cout-moyen-de-demenagement/,www.crownmovers.ca,/fr/cout-moyen-de-demenagement/,fr,page-sitemap2.xml,False
https://www.crownmovers.ca/fr/petits-demenagements-longue-distance/,www.crownmovers.ca,/fr/petits-demenagements-longue-distance/,fr,page-sitemap2.xml,False
https://www.crownmovers.ca/fr/comment-demenager-des-meubles/,www.crownmovers.ca,/fr/comment-demenager-des-meubles/,fr,page-sitemap2.xml,False
https://www.crownmovers.ca/fr/combien-chargent-les-demenageurs/,www.crownmovers.ca,/fr/combien-chargent-les-demenageurs/,fr,page-sitemap2.xml,False
https://www.crownmovers.ca/commercial-and-office-movers/,www.crownmovers.ca,/commercial-and-office-movers/,en,page-sitemap2.xml,False
https://www.crownmovers.ca/fr/camions-de-demenagement/,www.crownmovers.ca,/fr/camions-de-demenagement/,fr,page-sitemap2.xml,False
https://www.crownmovers.ca/montreal-movers/packing-services/,www.crownmovers.ca,/montreal-movers/packing-services/,en,page-sitemap2.xml,False
https://www.crownmovers.ca/montreal-movers/montreal-small-moves/,www.crownmovers.ca,/montreal-movers/montreal-small-moves/,en,page-sitemap2.xml,False
https://www.crownmovers.ca/long-distance-moving/,www.crownmovers.ca,/long-distance-moving/,en,page-sitemap2.xml,False
https://www.crownmovers.ca/lasalle-movers/,www.crownmovers.ca,/lasalle-movers/,en,page-sitemap2.xml,False
https://www.crownmovers.ca/fr/demenagement-mercier/,www.crownmovers.ca,/fr/demenagement-mercier/,fr,page-sitemap2.xml,False
https://www.crownmovers.ca/fr/demenagement-winnipeg/,www.crownmovers.ca,/fr/demenagement-winnipeg/,fr,page-sitemap2.xml,False
https://www.crownmovers.ca/fr/demenagement-toronto/,www.crownmovers.ca,/fr/demenagement-toronto/,fr,page-sitemap2.xml,False
https://www.crownmovers.ca/toronto-movers/,www.crownmovers.ca,/toronto-movers/,en,page-sitemap2.xml,False
https://www.crownmovers.ca/vancouver-movers/,www.crownmovers.ca,/vancouver-movers/,en,page-sitemap2.xml,False
https://www.crownmovers.ca/winnipeg-movers/,www.crownmovers.ca,/winnipeg-movers/,en,page-sitemap2.xml,False
https://www.crownmovers.ca/calgary-movers/,www.crownmovers.ca,/calgary-movers/,en,page-sitemap2.xml,False
https://www.crownmovers.ca/beaconsfield-movers/,www.crownmovers.ca,/beaconsfield-movers/,en,page-sitemap2.xml,False
https://www.crownmovers.ca/salaberry-moving-company/,www.crownmovers.ca,/salaberry-moving-company/,en,page-sitemap2.xml,False
https://www.crownmovers.ca/fr/demenagement-longue-distance/,www.crownmovers.ca,/fr/demenagement-longue-distance/,fr,page-sitemap2.xml,False
https://www.crownmovers.ca/fr/demenagement-commercial/,www.crownmovers.ca,/fr/demenagement-commercial/,fr,page-sitemap2.xml,False
https://www.crownmovers.ca/fr/assurance-demenagement/,www.crownmovers.ca,/fr/assurance-demenagement/,fr,page-sitemap2.xml,False
https://www.crownmovers.ca/fr/demenagement-verdun/,www.crownmovers.ca,/fr/demenagement-verdun/,fr,page-sitemap2.xml,False
https://www.crownmovers.ca/fr/demenagement-saint-hubert/,www.crownmovers.ca,/fr/demenagement-saint-hubert/,fr,page-sitemap2.xml,False
https://www.crownmovers.ca/fr/demenagement-saint-constant/,www.crownmovers.ca,/fr/demenagement-saint-constant/,fr,page-sitemap2.xml,False
https://www.crownmovers.ca/fr/demenagement-montreal/assemblage-de-meubles/,www.crownmovers.ca,/fr/demenagement-montreal/assemblage-de-meubles/,fr,page-sitemap2.xml,False
https://www.crownmovers.ca/montreal-movers/furniture-assembly/,www.crownmovers.ca,/montreal-movers/furniture-assembly/,en,page-sitemap2.xml,False
https://www.crownmovers.ca/fr/demenagement-repentigny/,www.crownmovers.ca,/fr/demenagement-repentigny/,fr,page-sitemap2.xml,False
https://www.crownmovers.ca/fr/devenez-partenaire/,www.crownmovers.ca,/fr/devenez-partenaire/,fr,page-sitemap2.xml,False
https://www.crownmovers.ca/partner-with-us/,www.crownmovers.ca,/partner-with-us/,en,page-sitemap2.xml,False
https://www.crownmovers.ca/fr/demenageurs-de-confiance-demenagement-serenite/,www.crownmovers.ca,/fr/demenageurs-de-confiance-demenagement-serenite/,fr,page-sitemap2.xml,False
https://www.crownmovers.ca/fr/demenagement-salaberry-de-valleyfield/,www.crownmovers.ca,/fr/demenagement-salaberry-de-valleyfield/,fr,page-sitemap2.xml,False
https://www.crownmovers.ca/fr/meilleurs-demenageurs/,www.crownmovers.ca,/fr/meilleurs-demenageurs/,fr,page-sitemap2.xml,False
https://www.crownmovers.ca/fr/installation-d-abris-a-montreal/,www.crownmovers.ca,/fr/installation-d-abris-a-montreal/,fr,page-sitemap2.xml,False
https://www.crownmovers.ca/fr/demenageur-professionnel-montreal-demenagement-crown/,www.crownmovers.ca,/fr/demenageur-professionnel-montreal-demenagement-crown/,fr,page-sitemap2.xml,False
https://www.crownmovers.ca/fr/elimination-de-vieux-meubles-et-electromenagers/,www.crownmovers.ca,/fr/elimination-de-vieux-meubles-et-electromenagers/,fr,page-sitemap2.xml,False
https://www.crownmovers.ca/junk-removal/,www.crownmovers.ca,/junk-removal/,en,page-sitemap2.xml,False
https://www.crownmovers.ca/long-distance-moving/moving-montreal-rimouski/,www.crownmovers.ca,/long-distance-moving/moving-montreal-rimouski/,en,page-sitemap2.xml,False
https://www.crownmovers.ca/fr/demenagement-montreal/services-demballage/,www.crownmovers.ca,/fr/demenagement-montreal/services-demballage/,fr,page-sitemap2.xml,False
https://www.crownmovers.ca/fr/ressources-de-demenagement/,www.crownmovers.ca,/fr/ressources-de-demenagement/,fr,page-sitemap2.xml,False
https://www.crownmovers.ca/fr/demenagement-montreal/demenagement-residentiel/,www.crownmovers.ca,/fr/demenagement-montreal/demenagement-residentiel/,fr,page-sitemap2.xml,False
https://www.crownmovers.ca/fr/couverture-de-demenagement-inadequate/,www.crownmovers.ca,/fr/couverture-de-demenagement-inadequate/,fr,page-sitemap2.xml,False
https://www.crownmovers.ca/fr/gerer-les-imprevus-dun-demenagement/,www.crownmovers.ca,/fr/gerer-les-imprevus-dun-demenagement/,fr,page-sitemap2.xml,False
https://www.crownmovers.ca/fr/demenageurs-dans-les-laurentides/,www.crownmovers.ca,/fr/demenageurs-dans-les-laurentides/,fr,page-sitemap2.xml,False
https://www.crownmovers.ca/fr/obligations-d-un-demenageur/,www.crownmovers.ca,/fr/obligations-d-un-demenageur/,fr,page-sitemap2.xml,False
https://www.crownmovers.ca/fr/pourboire-aux-demenageurs/,www.crownmovers.ca,/fr/pourboire-aux-demenageurs/,fr,page-sitemap2.xml,False
https://www.crownmovers.ca/fr/demenagement-saint-leonard/,www.crownmovers.ca,/fr/demenagement-saint-leonard/,fr,page-sitemap2.xml,False
https://www.crownmovers.ca/fr/devis-gratuit/,www.crownmovers.ca,/fr/devis-gratuit/,fr,page-sitemap2.xml,False
https://www.crownmovers.ca/fr/conditions-dutilisation/,www.crownmovers.ca,/fr/conditions-dutilisation/,fr,page-sitemap2.xml,False
https://www.crownmovers.ca/fr/meilleure-compagnie-de-demenagement/,www.crownmovers.ca,/fr/meilleure-compagnie-de-demenagement/,fr,page-sitemap2.xml,False
https://www.crownmovers.ca/joliette-movers/,www.crownmovers.ca,/joliette-movers/,en,page-sitemap2.xml,False
https://www.crownmovers.ca/verdun-movers/,www.crownmovers.ca,/verdun-movers/,en,page-sitemap2.xml,False
https://www.crownmovers.ca/chambly-movers/,www.crownmovers.ca,/chambly-movers/,en,page-sitemap2.xml,False
https://www.crownmovers.ca/fr/demenagement-sainte-julie/,www.crownmovers.ca,/fr/demenagement-sainte-julie/,fr,page-sitemap2.xml,False
https://www.crownmovers.ca/fr/demenagement-terrebonne/,www.crownmovers.ca,/fr/demenagement-terrebonne/,fr,page-sitemap2.xml,False
https://www.crownmovers.ca/montreal-movers/furniture-delivery-montreal/,www.crownmovers.ca,/montreal-movers/furniture-delivery-montreal/,en,page-sitemap2.xml,False
https://www.crownmovers.ca/montreal-movers/residential-moving/,www.crownmovers.ca,/montreal-movers/residential-moving/,en,page-sitemap2.xml,False
https://www.crownmovers.ca/fr/,www.crownmovers.ca,/fr/,fr,page-sitemap2.xml,False
https://www.crownmovers.ca/west-island-movers/,www.crownmovers.ca,/west-island-movers/,en,page-sitemap2.xml,False
https://www.crownmovers.ca/kirkland-movers/,www.crownmovers.ca,/kirkland-movers/,en,page-sitemap2.xml,False
https://www.crownmovers.ca/fr/plan-de-site/,www.crownmovers.ca,/fr/plan-de-site/,fr,page-sitemap2.xml,False
https://www.crownmovers.ca/contact/,www.crownmovers.ca,/contact/,en,page-sitemap2.xml,False
https://www.crownmovers.ca/long-distance-moving/montreal-gaspesie/,www.crownmovers.ca,/long-distance-moving/montreal-gaspesie/,en,page-sitemap2.xml,False
https://www.crownmovers.ca/careers/,www.crownmovers.ca,/careers/,en,page-sitemap2.xml,False
https://www.crownmovers.ca/blainville-movers/,www.crownmovers.ca,/blainville-movers/,en,page-sitemap2.xml,False
https://www.crownmovers.ca/longueuil-movers/,www.crownmovers.ca,/longueuil-movers/,en,page-sitemap2.xml,False
https://www.crownmovers.ca/terrebonne-movers/,www.crownmovers.ca,/terrebonne-movers/,en,page-sitemap2.xml,False
https://www.crownmovers.ca/fr/demenagement-longue-distance/montreal-sept-iles/,www.crownmovers.ca,/fr/demenagement-longue-distance/montreal-sept-iles/,fr,page-sitemap2.xml,False
https://www.crownmovers.ca/moving-north-shore/,www.crownmovers.ca,/moving-north-shore/,en,page-sitemap2.xml,False
https://www.crownmovers.ca/south-shore-movers/,www.crownmovers.ca,/south-shore-movers/,en,page-sitemap2.xml,False
https://www.crownmovers.ca/fr/demenagement-westmount/,www.crownmovers.ca,/fr/demenagement-westmount/,fr,page-sitemap2.xml,False
https://www.crownmovers.ca/mercier-movers/,www.crownmovers.ca,/mercier-movers/,en,page-sitemap2.xml,False
https://www.crownmovers.ca/hampstead-movers/,www.crownmovers.ca,/hampstead-movers/,en,page-sitemap2.xml,False
https://www.crownmovers.ca/outremont-movers/,www.crownmovers.ca,/outremont-movers/,en,page-sitemap2.xml,False
https://www.crownmovers.ca/rosemont-movers/,www.crownmovers.ca,/rosemont-movers/,en,page-sitemap2.xml,False
https://www.crownmovers.ca/fr/demenagement-rosemont/,www.crownmovers.ca,/fr/demenagement-rosemont/,fr,page-sitemap2.xml,False
https://www.crownmovers.ca/mirabel-movers/,www.crownmovers.ca,/mirabel-movers/,en,page-sitemap2.xml,False
https://www.crownmovers.ca/saint-eustache-movers/,www.crownmovers.ca,/saint-eustache-movers/,en,page-sitemap2.xml,False
https://www.crownmovers.ca/boisbriand-movers/,www.crownmovers.ca,/boisbriand-movers/,en,page-sitemap2.xml,False
https://www.crownmovers.ca/saint-julie-movers/,www.crownmovers.ca,/saint-julie-movers/,en,page-sitemap2.xml,False
https://www.crownmovers.ca/varennes-movers/,www.crownmovers.ca,/varennes-movers/,en,page-sitemap2.xml,False
https://www.crownmovers.ca/delson-movers/,www.crownmovers.ca,/delson-movers/,en,page-sitemap2.xml,False
https://www.crownmovers.ca/saint-constant-movers/,www.crownmovers.ca,/saint-constant-movers/,en,page-sitemap2.xml,False
https://www.crownmovers.ca/la-prairie-movers/,www.crownmovers.ca,/la-prairie-movers/,en,page-sitemap2.xml,False
https://www.crownmovers.ca/candiac-movers/,www.crownmovers.ca,/candiac-movers/,en,page-sitemap2.xml,False
https://www.crownmovers.ca/saint-hubert-movers/,www.crownmovers.ca,/saint-hubert-movers/,en,page-sitemap2.xml,False
https://www.crownmovers.ca/westmount-movers/,www.crownmovers.ca,/westmount-movers/,en,page-sitemap2.xml,False
https://www.crownmovers.ca/anjou-movers/,www.crownmovers.ca,/anjou-movers/,en,page-sitemap2.xml,False
https://www.crownmovers.ca/mascouche-movers/,www.crownmovers.ca,/mascouche-movers/,en,page-sitemap2.xml,False
https://www.crownmovers.ca/beloeil-movers/,www.crownmovers.ca,/beloeil-movers/,en,page-sitemap2.xml,False
https://www.crownmovers.ca/brossard-movers/,www.crownmovers.ca,/brossard-movers/,en,page-sitemap2.xml,False
https://www.crownmovers.ca/deux-montagnes-movers/,www.crownmovers.ca,/deux-montagnes-movers/,en,page-sitemap2.xml,False
https://www.crownmovers.ca/dorval-movers/,www.crownmovers.ca,/dorval-movers/,en,page-sitemap2.xml,False
https://www.crownmovers.ca/senneville-movers/,www.crownmovers.ca,/senneville-movers/,en,page-sitemap2.xml,False
https://www.crownmovers.ca/lachine-movers/,www.crownmovers.ca,/lachine-movers/,en,page-sitemap2.xml,False
https://www.crownmovers.ca/vaudreuil-movers/,www.crownmovers.ca,/vaudreuil-movers/,en,page-sitemap2.xml,False
https://www.crownmovers.ca/long-distance-moving/montreal-magog/,www.crownmovers.ca,/long-distance-moving/montreal-magog/,en,page-sitemap2.xml,False
https://www.crownmovers.ca/long-distance-moving/montreal-gatineau/,www.crownmovers.ca,/long-distance-moving/montreal-gatineau/,en,page-sitemap2.xml,False
https://www.crownmovers.ca/long-distance-moving/montreal-sherbrooke/,www.crownmovers.ca,/long-distance-moving/montreal-sherbrooke/,en,page-sitemap2.xml,False
https://www.crownmovers.ca/long-distance-moving/montreal-hamilton/,www.crownmovers.ca,/long-distance-moving/montreal-hamilton/,en,page-sitemap2.xml,False
https://www.crownmovers.ca/long-distance-moving/montreal-niagara-falls/,www.crownmovers.ca,/long-distance-moving/montreal-niagara-falls/,en,page-sitemap2.xml,False
https://www.crownmovers.ca/long-distance-moving/montreal-kingston/,www.crownmovers.ca,/long-distance-moving/montreal-kingston/,en,page-sitemap2.xml,False
https://www.crownmovers.ca/long-distance-moving/montreal-trois-rivieres/,www.crownmovers.ca,/long-distance-moving/montreal-trois-rivieres/,en,page-sitemap2.xml,False
https://www.crownmovers.ca/long-distance-moving/montreal-shawinigan/,www.crownmovers.ca,/long-distance-moving/montreal-shawinigan/,en,page-sitemap2.xml,False
https://www.crownmovers.ca/long-distance-moving/montreal-mississauga/,www.crownmovers.ca,/long-distance-moving/montreal-mississauga/,en,page-sitemap2.xml,False
https://www.crownmovers.ca/long-distance-moving/montreal-cornwall/,www.crownmovers.ca,/long-distance-moving/montreal-cornwall/,en,page-sitemap2.xml,False
https://www.crownmovers.ca/long-distance-moving/montreal-victoriaville/,www.crownmovers.ca,/long-distance-moving/montreal-victoriaville/,en,page-sitemap2.xml,False
https://www.crownmovers.ca/long-distance-moving/montreal-rouyn-noranda/,www.crownmovers.ca,/long-distance-moving/montreal-rouyn-noranda/,en,page-sitemap2.xml,False
https://www.crownmovers.ca/long-distance-moving/moving-montreal-saint-john/,www.crownmovers.ca,/long-distance-moving/moving-montreal-saint-john/,en,page-sitemap2.xml,False
https://www.crownmovers.ca/long-distance-moving/moving-montreal-chicoutimi/,www.crownmovers.ca,/long-distance-moving/moving-montreal-chicoutimi/,en,page-sitemap2.xml,False
https://www.crownmovers.ca/long-distance-moving/moving-montreal-saguenay/,www.crownmovers.ca,/long-distance-moving/moving-montreal-saguenay/,en,page-sitemap2.xml,False
https://www.crownmovers.ca/long-distance-moving/moving-montreal-val-dor/,www.crownmovers.ca,/long-distance-moving/moving-montreal-val-dor/,en,page-sitemap2.xml,False
https://www.crownmovers.ca/long-distance-moving/moving-montreal-levis/,www.crownmovers.ca,/long-distance-moving/moving-montreal-levis/,en,page-sitemap2.xml,False
https://www.crownmovers.ca/long-distance-moving/moving-montreal-quebec/,www.crownmovers.ca,/long-distance-moving/moving-montreal-quebec/,en,page-sitemap2.xml,False
https://www.crownmovers.ca/long-distance-moving/moving-montreal-baie-comeau/,www.crownmovers.ca,/long-distance-moving/moving-montreal-baie-comeau/,en,page-sitemap2.xml,False
https://www.crownmovers.ca/long-distance-moving/moving-montreal-winnipeg/,www.crownmovers.ca,/long-distance-moving/moving-montreal-winnipeg/,en,page-sitemap2.xml,False
https://www.crownmovers.ca/long-distance-moving/moving-montreal-mont-tremblant/,www.crownmovers.ca,/long-distance-moving/moving-montreal-mont-tremblant/,en,page-sitemap2.xml,False
https://www.crownmovers.ca/long-distance-moving/montreal-riviere-du-loup/,www.crownmovers.ca,/long-distance-moving/montreal-riviere-du-loup/,en,page-sitemap2.xml,False
https://www.crownmovers.ca/long-distance-moving/montreal-sept-iles/,www.crownmovers.ca,/long-distance-moving/montreal-sept-iles/,en,page-sitemap2.xml,False
https://www.crownmovers.ca/repentigny-movers/,www.crownmovers.ca,/repentigny-movers/,en,page-sitemap2.xml,False
https://www.crownmovers.ca/dollard-des-ormeaux-movers/,www.crownmovers.ca,/dollard-des-ormeaux-movers/,en,page-sitemap2.xml,False
https://www.crownmovers.ca/fr/carrieres/,www.crownmovers.ca,/fr/carrieres/,fr,page-sitemap2.xml,False
https://www.crownmovers.ca/free-quote/,www.crownmovers.ca,/free-quote/,en,page-sitemap2.xml,False
https://www.crownmovers.ca/storage-services/,www.crownmovers.ca,/storage-services/,en,page-sitemap2.xml,False
https://www.crownmovers.ca/sitemap/,www.crownmovers.ca,/sitemap/,en,page-sitemap2.xml,False
https://www.crownmovers.ca/moving-insurance/,www.crownmovers.ca,/moving-insurance/,en,page-sitemap3.xml,False
https://www.crownmovers.ca/about-us/,www.crownmovers.ca,/about-us/,en,page-sitemap3.xml,False
https://www.crownmovers.ca/moving-resources/,www.crownmovers.ca,/moving-resources/,en,post-sitemap.xml,False
https://www.crownmovers.ca/fr/boites-de-demenagement-montreal/,www.crownmovers.ca,/fr/boites-de-demenagement-montreal/,fr,post-sitemap.xml,False
https://www.crownmovers.ca/fr/conseils-demballage-pour-demenagement/,www.crownmovers.ca,/fr/conseils-demballage-pour-demenagement/,fr,post-sitemap.xml,False
https://www.crownmovers.ca/weather-proofing-items-for-winter-transport-protect-your-belongings-the-right-way/,www.crownmovers.ca,/weather-proofing-items-for-winter-transport-protect-your-belongings-the-right-way/,en,post-sitemap.xml,False
https://www.crownmovers.ca/storage-options-when-moving/,www.crownmovers.ca,/storage-options-when-moving/,en,post-sitemap.xml,False
https://www.crownmovers.ca/5-best-places-to-rent-a-moving-truck-in-montreal/,www.crownmovers.ca,/5-best-places-to-rent-a-moving-truck-in-montreal/,en,post-sitemap.xml,False
https://www.crownmovers.ca/prevent-theft-in-storage-units-without-the-stress/,www.crownmovers.ca,/prevent-theft-in-storage-units-without-the-stress/,en,post-sitemap.xml,False
https://www.crownmovers.ca/moving-boxes-montreal/,www.crownmovers.ca,/moving-boxes-montreal/,en,post-sitemap.xml,False
https://www.crownmovers.ca/challenges-with-storage-facility-access-you-should-know/,www.crownmovers.ca,/challenges-with-storage-facility-access-you-should-know/,en,post-sitemap.xml,False
https://www.crownmovers.ca/file-a-claim-for-storage-unit-damage-without-the-headache/,www.crownmovers.ca,/file-a-claim-for-storage-unit-damage-without-the-headache/,en,post-sitemap.xml,False
https://www.crownmovers.ca/how-do-storage-security-systems-work-and-keep-your-stuff-safe/,www.crownmovers.ca,/how-do-storage-security-systems-work-and-keep-your-stuff-safe/,en,post-sitemap.xml,False
https://www.crownmovers.ca/unresponsive-storage-service-providers-and-what-to-do-about-them/,www.crownmovers.ca,/unresponsive-storage-service-providers-and-what-to-do-about-them/,en,post-sitemap.xml,False
https://www.crownmovers.ca/how-to-handle-moving-disputes/,www.crownmovers.ca,/how-to-handle-moving-disputes/,en,post-sitemap.xml,False
https://www.crownmovers.ca/how-to-choose-movers-and-packers/,www.crownmovers.ca,/how-to-choose-movers-and-packers/,en,post-sitemap.xml,False
https://www.crownmovers.ca/handling-broken-items-after-move/,www.crownmovers.ca,/handling-broken-items-after-move/,en,post-sitemap.xml,False
https://www.crownmovers.ca/essential-questions-for-movers/,www.crownmovers.ca,/essential-questions-for-movers/,en,post-sitemap.xml,False
https://www.crownmovers.ca/difference-between-local-and-long-distance-move/,www.crownmovers.ca,/difference-between-local-and-long-distance-move/,en,post-sitemap.xml,False
https://www.crownmovers.ca/the-ultimate-guide-to-moving-day/,www.crownmovers.ca,/the-ultimate-guide-to-moving-day/,en,post-sitemap.xml,False
https://www.crownmovers.ca/how-do-moving-companies-handle-winter-moves-crown-movers-expert-approach/,www.crownmovers.ca,/how-do-moving-companies-handle-winter-moves-crown-movers-expert-approach/,en,post-sitemap.xml,False
https://www.crownmovers.ca/handling-unexpected-winter-moving-issues-with-crown-movers/,www.crownmovers.ca,/handling-unexpected-winter-moving-issues-with-crown-movers/,en,post-sitemap.xml,False
https://www.crownmovers.ca/how-to-protect-items-in-winter-moves-expert-tips-for-a-stress-free-relocation/,www.crownmovers.ca,/how-to-protect-items-in-winter-moves-expert-tips-for-a-stress-free-relocation/,en,post-sitemap.xml,False
https://www.crownmovers.ca/moving-costs-in-montreal/,www.crownmovers.ca,/moving-costs-in-montreal/,en,post-sitemap.xml,False
https://www.crownmovers.ca/fr/quand-commencer-son-demenagement/,www.crownmovers.ca,/fr/quand-commencer-son-demenagement/,fr,post-sitemap.xml,False
https://www.crownmovers.ca/packing-and-moving-tips/,www.crownmovers.ca,/packing-and-moving-tips/,en,post-sitemap.xml,False
https://www.crownmovers.ca/fr/demenagement-de-montreal-a-ottawa/,www.crownmovers.ca,/fr/demenagement-de-montreal-a-ottawa/,fr,post-sitemap.xml,False
https://www.crownmovers.ca/fr/demenagement-de-montreal-a-toronto/,www.crownmovers.ca,/fr/demenagement-de-montreal-a-toronto/,fr,post-sitemap.xml,False
https://www.crownmovers.ca/fr/demenagement-au-centre-ville-de-montreal/,www.crownmovers.ca,/fr/demenagement-au-centre-ville-de-montreal/,fr,post-sitemap.xml,False
https://www.crownmovers.ca/why-hiring-professionals-for-winter-relocations-matters/,www.crownmovers.ca,/why-hiring-professionals-for-winter-relocations-matters/,en,post-sitemap.xml,False
https://www.crownmovers.ca/who-is-liable-if-items-are-lost-during-the-move/,www.crownmovers.ca,/who-is-liable-if-items-are-lost-during-the-move/,en,post-sitemap.xml,False
https://www.crownmovers.ca/average-cost-to-relocate-a-house-in-canada/,www.crownmovers.ca,/average-cost-to-relocate-a-house-in-canada/,en,post-sitemap.xml,False
https://www.crownmovers.ca/the-no-loss-moving-guide-every-homeowner-needs/,www.crownmovers.ca,/the-no-loss-moving-guide-every-homeowner-needs/,en,post-sitemap.xml,False
https://www.crownmovers.ca/understanding-moving-insurance-exclusions-whats-not-covered-in-your-move/,www.crownmovers.ca,/understanding-moving-insurance-exclusions-whats-not-covered-in-your-move/,en,post-sitemap.xml,False
https://www.crownmovers.ca/the-hidden-costs-concerns-of-inadequate-moving-coverage/,www.crownmovers.ca,/the-hidden-costs-concerns-of-inadequate-moving-coverage/,en,post-sitemap.xml,False
https://www.crownmovers.ca/how-long-does-it-take-to-move/,www.crownmovers.ca,/how-long-does-it-take-to-move/,en,post-sitemap.xml,False
https://www.crownmovers.ca/professional-movers-property-management-solutions/,www.crownmovers.ca,/professional-movers-property-management-solutions/,en,post-sitemap.xml,False
https://www.crownmovers.ca/moving-downtown-montreal/,www.crownmovers.ca,/moving-downtown-montreal/,en,post-sitemap.xml,False
https://www.crownmovers.ca/moving-from-montreal-to-ottawa/,www.crownmovers.ca,/moving-from-montreal-to-ottawa/,en,post-sitemap.xml,False
https://www.crownmovers.ca/moving-from-montreal-to-toronto/,www.crownmovers.ca,/moving-from-montreal-to-toronto/,en,post-sitemap.xml,False
https://www.crownmovers.ca/what-day-is-the-cheapest-to-hire-movers/,www.crownmovers.ca,/what-day-is-the-cheapest-to-hire-movers/,en,post-sitemap.xml,False
https://www.crownmovers.ca/fr/demenagement-montreal-prix/,www.crownmovers.ca,/fr/demenagement-montreal-prix/,fr,post-sitemap.xml,False
https://www.crownmovers.ca/fr/5-meilleurs-endroits-pour-louer-un-camion-de-demenagement-a-montreal/,www.crownmovers.ca,/fr/5-meilleurs-endroits-pour-louer-un-camion-de-demenagement-a-montreal/,fr,post-sitemap.xml,False
https://www.crownmovers.ca/gym-equipment-movers/,www.crownmovers.ca,/gym-equipment-movers/,en,post-sitemap.xml,False
https://www.crownmovers.ca/how-to-prepare-for-a-long-distance-move/,www.crownmovers.ca,/how-to-prepare-for-a-long-distance-move/,en,post-sitemap.xml,False
https://www.crownmovers.ca/packing-checklist-for-moving/,www.crownmovers.ca,/packing-checklist-for-moving/,en,post-sitemap.xml,False
https://www.crownmovers.ca/how-to-get-accurate-moving-service-quotes/,www.crownmovers.ca,/how-to-get-accurate-moving-service-quotes/,en,post-sitemap.xml,False
https://www.crownmovers.ca/the-moving-checklist/,www.crownmovers.ca,/the-moving-checklist/,en,post-sitemap.xml,False
https://www.crownmovers.ca/fr/la-liste-de-controle-pour-lemballage-dun-demenagement/,www.crownmovers.ca,/fr/la-liste-de-controle-pour-lemballage-dun-demenagement/,fr,post-sitemap.xml,False
https://wordpress-1663747-6631130.cloudwaysapps.com/locations.kml,wordpress-1663747-6631130.cloudwaysapps.com,/locations.kml,en,local-sitemap.xml,True
