id	label	status
1	Free Moving Quote	publish
2	Free Moving Quote FRENCH	trash
3	Free Moving Quote French	publish
4	Quick Quote Form EN	publish
5	Quick Quote Form FR	publish
6	Contact Us EN	publish
7	Contact Us FR	publish
8	Partner EN	publish
9	Partner FR	publish
10	New Form	draft
11	Network Application	publish
12	Contact Us	publish
13	Storage Form 1	publish
14	New Form	draft
15	Instant Moving Estimate - English	publish
16	Instant Moving Estimate - English (Copy)	draft
17	Montreal Movers Residential Estimate	publish
18	Montreal Moving Cost Calculator	publish
19	Montreal Moving Cost Calculator (2026)	publish
20	Crown Free Quote - English	publish
21	Calculateur coût déménagement Montréal - FR	publish

